"user_id.x","status_id","screen_name","is_retweet","media_t.co","lang","name","location","description","protected","followers_count","friends_count","statuses_count","favourites_count","account_created_at","verified","profile_url","cantidad","user_id.y","prob_bot"
705173287740022784,1258037224647593984,"Tad_creme",FALSE,NA,"en","Tad","<U+0001F4CD>Citizen of the world <U+0001F30D>","Terrence Pretzel Liam Nauta Kevin Creme",FALSE,762,418,95413,197,2016-03-02 23:29:48,FALSE,NA,642,"705173287740022786",0.014504789959743
133941838,1257768888294608896,"dr_ibuprofeno",FALSE,NA,"es","Diego Del Piero","Distrito Federal, M<e9>xico","M<e9>dico Pasante Sin Sueldo / Sacastico y Cagado / Me encanta el perreo /Estoy roto pero sanare / Puede que nada de lo que escriba sea real.",FALSE,1815,1057,11584,21882,2010-04-17 01:56:27,FALSE,NA,410,"133941838",0.0248649494279832
1168193089384566784,1257886514773557248,"kmg_paracetamol",FALSE,NA,"in","directed_by_physician","New Delhi","rational, national, political, not 
a true INCian but I strongly believes that Dr. Manmohan Singh was the greatest PM of modern India.",FALSE,15,656,834,2928,2019-09-01 16:05:31,FALSE,NA,382,"1168193089384566784",0.942582078510434
243444186,1257688817768599552,"tad_neo",FALSE,NA,"ja","<U+0001F3BC>B<U+0337>-B<U+0337>o<U+0337>y<U+0337> <U+0337>T<U+0337><U+200C>A<U+0337><U+200C>D<U+0337> (<U+4E2D><U+5C71><U+305F><U+3060><U+3057>)<U+0001F3BB>","<U+6A2A><U+6D5C>","1969<U+5E74><U+7523><U+307E><U+308C><U+306E>B-BOY <U+672C><U+696D> : IT<U+30A4><U+30F3><U+30D5><U+30E9><U+7A3C><U+696D>  <U+662D><U+548C><U+306E><U+30B8><U+30E3><U+30CB><U+30FC><U+30BA><U+7CFB><U+9854> <U+773C><U+93E1><U+3092><U+639B><U+3051><U+308B><U+3068><U+77F3><U+5742><U+6D69><U+4E8C> <U+7279><U+6280>:<U+30AF><U+30E9><U+30C3><U+30B7><U+30C3><U+30AF><U+00B7><U+30F4><U+30A1><U+30A4><U+30AA><U+30EA><U+30F3>(Fluss<U+30B7><U+30F3><U+30D5><U+30A9><U+30CB><U+30AB><U+6240><U+5C5E> @FlussMusic)<U+3001><U+30D8><U+30D3><U+30FC><U+30E1><U+30BF><U+30EB><U+00B7><U+30AE><U+30BF><U+30FC><U+3001><U+30CF><U+30A4><U+30C8><U+30FC><U+30F3><U+30DC><U+30FC><U+30AB><U+30EB><U+3001><U+30AA><U+30FC><U+30DC><U+30A8><U+521D><U+5FC3><U+8005><U+3002> <U+30A2><U+30A4><U+30B3><U+30F3><U+753B><U+2192> 
@kame_rinnesou <U+3055><U+3093>",FALSE,641,839,13696,64586,2011-01-27 01:51:19,FALSE,"https://t.co/VMuqjOFh34",247,"243444186",0.964477144486818
434585942,1256784350965833728,"ReporteNi",FALSE,"https://t.co/d4k9ulJHJX","es","<U+0001F1F3><U+0001F1EE> Reportes Nicas! <U+0001F1F3><U+0001F1EE>","Dudas Preguntas Sugerencias:DM","Reporta u opina en temas de inter<e9>s com<fa>n. Usa @ReporteNi, #ReporteNi o #Reporto* y tu tuit ser<e1> citado. (*) Aplica si usas Nicaragua en tu localizaci<f3>n.",FALSE,30295,10020,568433,6,2011-12-12 02:02:00,FALSE,"https://t.co/x1Pea3hNeX",204,"434585942",0.112421229954962
705173287740022784,1259358532396298240,"Tad_creme",FALSE,NA,"en","Tad","<U+0001F4CD>Citizen of the world <U+0001F30D>","Terrence Pretzel Liam Nauta Kevin Creme",FALSE,770,422,96375,200,2016-03-02 23:29:48,FALSE,NA,178,"705173287740022786",0.014504789959743
4690857870,1258120844485615616,"tad_trad",FALSE,NA,"en","<U+0001F33B>Katherine<U+0001F33B><U+0001F1FB><U+0001F1E6>",NA,"I can<U+0092>t have teenage angst now that I<U+0092>m 19|I can save you if you<U+0092>re drowning but not if you wanna stop being a rad trad|&I<U+0092>m Hungarian not hungry <U+0001F1E8><U+0001F1E6> <U+0001F1ED><U+0001F1FA> <U+0001F1FB><U+0001F1E6>",FALSE,1515,4088,4521,9819,2016-01-01 18:24:41,FALSE,NA,178,"4690857870",0.827333660790731
247204667,1257025909405683712,"iluso1000",FALSE,NA,"es","Iluso","Barcelona, Espa<f1>a",NA,FALSE,88,396,15638,39,2011-02-04 09:25:13,FALSE,NA,176,"247204667",0.932296585834103
1020853662,1258124562400600064,"TAD_bot",FALSE,NA,"ja","<U+7530><U+6238><U+3042><U+308B><U+3042><U+308B>Bot",NA,"<U+4F55><U+3068><U+306A><U+304F><U+4E57><U+308A><U+3067><U+59CB><U+3081><U+305F><U+3053><U+306E>Bot <U+30D5><U+30A9><U+30ED><U+30FC><U+306F><U+3054><U+81EA><U+7531><U+306B> <U+304A><U+5225><U+308C><U+306F><U+30D6><U+30ED><U+30C3><U+30AF><U+3067><U+304A><U+9858><U+3044><U+3057><U+307E><U+3059><U+3002>",FALSE,17,21,89242,1,2012-12-18 23:14:12,FALSE,NA,172,"1020853662",0.987822623216309
195511322,1258267847639199744,"tuneinbrasil",FALSE,NA,"pt","TuneIn Brasil","Brasil","M<fa>sica~Futebol~Not<ed>cias~Debates~Podcasts +100.000 R<e1>dios no Android: https://t.co/uUhDoxhsGY / iOS: https://t.co/TugKrX1m19 & mais de 300 apps e produtos conectados.",FALSE,1046,113,44923,630,2010-09-26 22:13:46,FALSE,"http://t.co/5U5xrEAsg4",167,"195511322",0.0178365722957389
171197952,1257283727350063104,"jhonnyrep",FALSE,NA,"es","El Drac","Lima - Per<fa>","Adem<e1>s de todas las cosas propias de la vida, dar una opini<f3>n objetiva del mundo",FALSE,531,424,36651,6780,2010-07-26 20:06:08,FALSE,"http://t.co/PEv4ui8RNX",159,"171197952",0.0906351899292265
1088936932850233344,1257794516901400576,"tad_em",FALSE,NA,"en","nOTadEM","Not in The Blue State","Fear=Control  PSYOPS
#MAGA
#Photography
#USA
#Military
#Vets
#FreedomIsNotFree
#HowDoYouHeal'a'Nation
#NotPrivileged
#ManKind",FALSE,140,234,1736,896,2019-01-25 23:09:31,FALSE,NA,143,"1088936932850233346",0.46225301821431
128264373,1258053978845298688,"samo_tad",FALSE,NA,"es","Tadeo Cervantes",NA,NA,FALSE,2230,665,14995,30149,2010-03-31 16:21:57,FALSE,NA,130,"128264373",0.0582941688027524
1662670322,1258276616410501120,"tad_bot_etc",FALSE,NA,"ja","TAD",NA,"<U+5C4B><U+5F62><U+8239>(@yakata1478)<U+306E><U+5275><U+4F5C><U+30AD><U+30E3><U+30E9>bot/<U+8A73><U+3057><U+304F><U+306F><U+30C4><U+30A4><U+30D7><U+30ED><U+3092>",FALSE,5,0,45164,0,2013-08-11 14:16:57,FALSE,"http://t.co/8as8V1G9Sm",116,"1662670322",0.991971417689496
79591564,1257770889355000064,"Dr_Tad",FALSE,NA,"en","<U+1D05><U+0280> <U+1D1B><U+1D00><U+1D05>","Berlin & Wollongong","Psychiatrist & author. My book THE GREAT DERANGEMENT: POLITICAL CRISIS & THE RISE OF ANTI-POLITICS is forthcoming from @VersoBooks. I also blog at Left Flank.",FALSE,3302,473,58953,3414,2009-10-03 23:29:59,FALSE,"https://t.co/zpFzH1M9qf",113,"79591564",0.070140019545773
143839873,1257676421612396544,"100noticiasni",FALSE,NA,"es","100%NOTICIAS","Nicaragua","100% Noticias es el primer y <fa>nico canal de noticias de Nicaragua con 24 horas de informaci<f3>n.

S<ed>mbolo de la libertad de prensa en Nicaragua.",FALSE,144616,310,142385,1807,2010-05-14 15:04:31,TRUE,"https://t.co/uqIL4Sfqcb",112,"143839873",0.0240492689699393
14304620,1257744931457847296,"diariovasco",FALSE,NA,"es","El Diario Vasco","San Sebastian Spain","Informaci<f3>n de <fa>ltima hora y noticias de cultura, deportes, tecnolog<ed>a, televisi<f3>n...y toda la actualidad de Gipuzkoa, Real Sociedad, Gipuzkoa Basket y SD Eibar",FALSE,83156,902,241411,690,2008-04-04 17:34:05,TRUE,"https://t.co/GWTNQlsZVB",110,"14304620",0.0203357335711548
1241595145168000000,1256318791207620608,"Pepe48402830",FALSE,NA,"es","Pepe",NA,"all",FALSE,2,47,590,22,2020-03-22 05:19:07,FALSE,NA,100,"1241595145167998976",0.837052388680405
276620353,1258156737896632320,"Tad_Braylor",FALSE,NA,"en","Brad That<U+0092>s Who!","RVA","Rich, famous, corny, tall, handsome, pathological liar",FALSE,2332,166,15378,6281,2011-04-03 18:49:05,FALSE,NA,98,"276620353",0.0094975458336254
1251839839336570880,1256294842935713792,"rocio01404473",FALSE,"https://t.co/aPLOeRDKxQ","es","rocio",NA,NA,FALSE,0,1,211,1,2020-04-19 11:47:41,FALSE,NA,98,"1251839839336570880",0.994064810288786
180921384,1258220670770483200,"peeudec",FALSE,"https://t.co/E20rhYKnam","es","Programa de Estudios Europeos","Universidad de Concepci<f3>n","Instancia interdisciplinaria dedicada a la formaci<f3>n, investigaci<f3>n y difusi<f3>n de estudios relacionados con Europa. Somos C<e1>tedra Jean Monnet <U+0001F1EA><U+0001F1FA>",FALSE,1253,382,2072,674,2010-08-20 21:02:08,FALSE,"https://t.co/7Frp2f7ZC5",90,"180921384",0.00488493616332494
115133899,1257731725599420416,"confidencial_ni",FALSE,NA,"es","Confidencial.com.ni","Nicaragua","Confidencial es una publicaci<f3>n nicarag<fc>ense dirigida por el periodista Carlos F. Chamorro (@cefeche)",FALSE,143094,593,94433,972,2010-02-17 18:28:57,TRUE,"https://t.co/j2pRCbrAAu",90,"115133899",0.00988132746332607
38291639,1257340559942914048,"leonoticias_",FALSE,NA,"es","Leonoticias","Le<f3>n, Espa<f1>a","Peri<f3>dico leon<e9>s l<ed>der de informaci<f3>n en internet. Grupo Vocento. Inmediatez, pluralidad, profesionalidad e independencia nuestras se<f1>as de identidad.",FALSE,48434,2887,296214,1240,2009-05-06 22:17:56,FALSE,"https://t.co/D8chUnxu2C",89,"38291639",0.0563440013315455
75114336,1257633641720680448,"SeccionCiudad",FALSE,"https://t.co/8HQ1WWehC4","es","Secci<f3>n Ciudad","Buenos Aires","Todas las noticias de la Ciudad de Buenos Aires. Director @DanielRodeBA",FALSE,31524,18419,162948,3233,2009-09-17 21:02:37,FALSE,"https://t.co/xFixwh1TWD",88,"75114336",0.160596488515673
763848321245057024,1258258399046877184,"annabezmiegs",FALSE,NA,"lv","Anna Bezmiegs","Jelgava/Valmiera","<U+0001F47D>",FALSE,474,5002,2787,5991,2016-08-11 21:23:26,FALSE,NA,84,"763848321245057024",0.975465788361423
211582602,1257674706100068352,"ColpisaNoticias",FALSE,NA,"es","COLPISA","Madrid","Agencia de #noticias para 16 peri<f3>dicos, empresas e instituciones. Redacci<f3>n Central de @Vocento",FALSE,12953,93,86430,10,2010-11-03 17:29:27,FALSE,"https://t.co/0thIRkDxiY",82,"211582602",0.644759708464333
3082736567,1256288026185129984,"ShioriAtzuko",FALSE,NA,"es","Shiori Atzuko",NA,"Estudiante de Derecho. Radical de alma. Fan<e1>tica de las noches con Netflix.",FALSE,92,162,7295,9039,2015-03-09 23:08:58,FALSE,NA,80,"3082736567",0.608617473365963
262127099,1257841080235708416,"jorgeluisaliaga",FALSE,"https://t.co/OWvX16NKuw","es","Jorge Aliaga","Buenos Aires, Argentina","F<ed>sico, @unahurlingham -UBA-CONICET. Ex decano @Exactas_UBA. Ex Subsecretario de Evaluaci<f3>n Institucional-MinCyT. https://t.co/IFCaxhwTQx",FALSE,27768,1870,44963,18223,2011-03-07 12:12:09,FALSE,"https://t.co/nfAOyYNemT",80,"262127099",0.0235887516249716
987000063363698688,1258291650045992960,"jac_tad",FALSE,NA,"tl","J (~_^)","dreamland","Nobody.",FALSE,34,95,4660,9271,2018-04-19 16:08:47,FALSE,NA,77,"987000063363698689",0.431652459362487
236930233,1257876071334232064,"culturalanacion",FALSE,NA,"es","Carlos<U+00A0>Gim<e9>nez","Paraguay","Cuenta PERSONAL, NO institucional.
Correo corporativo: cultura@gruponacion.com.py",FALSE,2730,350,145358,2,2011-01-11 17:56:14,FALSE,"https://t.co/gKa9SiOGnD",77,"236930233",0.0655086689633074
1125515255214419968,1257850334145363968,"laura_sabasta",FALSE,NA,"es","Laura Sabasta","C<f3>rdoba, Argentina","radical popular . cuenta alternativa",FALSE,220,609,25658,20501,2019-05-06 21:38:42,FALSE,NA,76,"1125515255214419969",0.718016551826035
995600786527682560,1258254936598405120,"paracetamol_syr",FALSE,"https://t.co/JXz2wHNWk2","en","<U+0001D58A><U+0001D589> <U+0099>",NA,"Maaf jika saya banyak Bacot di @twitter",FALSE,923,461,5762,999,2018-05-13 09:44:59,FALSE,"https://t.co/28VRrCj1fG",75,"995600786527682560",0.0689043782022726
2933251051,1257324379211354112,"shukla_jey",FALSE,NA,"hi","J<U+0080><U+00A5> $hukla","Reality","Doesn't believes in being politically correct all time. Loves all but most to my nation. India is changing and let's make a better India all together. Jai Hind",FALSE,75,104,4669,12820,2014-12-17 08:45:01,FALSE,NA,74,"2933251051",0.685539112708927
2839578186,1257407148180602880,"ConclusionRos",FALSE,NA,"es","Conclusi<f3>n","Rosario, Argentina","Conclusi<f3>n diario digital - cuenta oficial - 
// Libertad con Responsabilidad // #Noticias",FALSE,23279,1038,138750,4613,2014-10-04 04:08:00,TRUE,"https://t.co/ZXrIvyrmE8",73,"2839578186",0.0474836899462766
124172948,1257898386075848704,"la_patilla",FALSE,NA,"es","La Patilla","Venezuela","Informaci<f3>n e Investigaci<f3>n. 
DESCARGA NUESTRA APP AQU<cd> <U+0001F4F2>
https://t.co/kYU2Z1T11G

Instagram: https://t.co/sCftVquHBX 
Telegram: https://t.co/X5c1QH76Kt <U+0001F4F2>",FALSE,7113481,172,5172877,595,2010-03-18 14:02:00,TRUE,"https://t.co/t8x20yFxmB",72,"124172948",0.102967422560012
513587293,1258097854108835840,"_tad_pole",FALSE,NA,"en","Tadpole","Prichard, Alabama #251","Bread Winner's Association",FALSE,887,879,91257,25871,2012-03-03 20:52:00,FALSE,NA,68,"513587293",0.414590698272502
20448792,1257865305830948864,"DiarioSUR",FALSE,NA,"es","Diario SUR","M<e1>laga","<U+0001F9A0> Volcados con la crisis del #coronavirus <U+0001F5DE><U+FE0F> El peri<f3>dico de #M<e1>laga desde 1937 <U+0001F5E8><U+FE0F> WhatsApp al 660481739",FALSE,262885,6605,234091,7216,2009-02-09 17:08:03,TRUE,"https://t.co/7L7svIp7jj",66,"20448792",0.00265604378749416
146560769,1257308679520436224,"moscarielloe",FALSE,NA,"es","Esteban Moscariello","Rosario, Argentina","Senior Merchant | Coordinator | Grains Speaker | Tweets on my own",FALSE,6000,975,62082,20342,2010-05-21 19:08:18,FALSE,NA,65,"146560769",0.03633872624319
1088936932850233344,1259272133592612864,"tad_em",FALSE,"https://t.co/1JuJnSwlsa","und","nOTadEM","Not in The Blue State","Fear=Control  PSYOPS
#MAGA
#Photography
#USA
#Military
#Vets
#FreedomIsNotFree
#HowDoYouHeal'a'Nation
#NotPrivileged
#ManKind",FALSE,183,318,1993,1040,2019-01-25 23:09:31,FALSE,NA,64,"1088936932850233346",0.46225301821431
117524881,1257729348909572096,"EstrellaOnline",FALSE,"https://t.co/VCXcyAy1OV","es","La Estrella | Panam<e1>","Panam<e1>, Rep. de Panam<e1>","Bienvenidos a la cuenta del peri<f3>dico m<e1>s antiguo de Am<e9>rica Central. Encu<e9>ntranos https://t.co/BfGqQU492Y<U+0085>  https://t.co/UF64fIaLCf",FALSE,243196,424,310018,824,2010-02-25 20:49:30,TRUE,"https://t.co/XFf1Ah9fb8",63,"117524881",0.000364283881044306
908180407946018816,1257797490595725312,"Articulo66Nica",FALSE,NA,"es","Art<ed>culo 66","Nicaragua","Periodismo Multimedia. Noticias-Reportajes-Entrevistas. Dirigido por el periodista @NavarroNewsNic",FALSE,52972,3640,8056,2764,2017-09-14 04:07:37,TRUE,"https://t.co/dpWQtpr3Xu",62,"908180407946018816",0.220120533470033
868425092,1258270274169925632,"louis_tad",FALSE,NA,"und","Louis_tad - <U+0E2D><U+0E48><U+0E32><U+0E19><U+0E27><U+0E48><U+0E32> <U+0E2B><U+0E25><U+0E38><U+0E22><U+0E2A><U+0E4C>_<U+0E17><U+0E31><U+0E14> <U+0001F499><U+0001F430>",NA,"Twitter <U+0E04><U+0E37><U+0E2D><U+0E17><U+0E35><U+0E48><U+0E2A><U+0E33><U+0E2B><U+0E23><U+0E31><U+0E1A><U+0E04><U+0E27><U+0E32><U+0E21><U+0E1A><U+0E31><U+0E19><U+0E40><U+0E17><U+0E34><U+0E07> - <U+0E17><U+0E27><U+0E34><U+0E15><U+0E2A><U+0E30><U+0E40><U+0E1B><U+0E30><U+0E2A><U+0E30><U+0E1B><U+0E30> <U+0E1B><U+0E30><U+0E1B><U+0E19><U+0E01><U+0E31><U+0E19><U+0E44><U+0E1B> <U+0E2A><U+0E32><U+0E23><U+0E30><U+0E1A><U+0E49><U+0E32><U+0E07> <U+0E01><U+0E32><U+0E23><U+0E40><U+0E21><U+0E37><U+0E2D><U+0E07><U+0E1A><U+0E49><U+0E32><U+0E07> <U+0E1A><U+0E31><U+0E19><U+0E40><U+0E17><U+0E34><U+0E07><U+0E1A><U+0E49><U+0E32><U+0E07> <U+0E14><U+0E32><U+0E23><U+0E32><U+0E1A><U+0E49><U+0E32><U+0E07> <U+0E2D><U+0E22><U+0E48><U+0E32><U+0E07><U+0E07><U+0E43><U+0E19><U+0E04><U+0E2D><U+0E19><U+0E40><U+0E17><U+0E49><U+0E19><U+0E17><U+0E35><U+0E48><U+0E1B><U+0E30><U+0E1B><U+0E19> <U+0E41><U+0E15><U+0E48><U+0E21><U+0E32><U+0E08><U+0E2D><U+0E22><U+0E44><U+0E14><U+0E49><U+0E43><U+0E19><U+0E04><U+0E2D><U+0E19><U+0E40><U+0E17><U+0E49><U+0E19><U+0E17><U+0E35><U+0E48><U+0E2A><U+0E19><U+0E43><U+0E08><U+0E19><U+0E30><U+0E04><U+0E23><U+0E31><U+0E1A> <U+0001F60A>",FALSE,569,135,18375,21496,2012-10-08 18:04:09,FALSE,NA,62,"868425092",0.190069408180274
330709804,1258200592729755648,"DocHissa",FALSE,NA,"es","carlos hissa","la punta san luis argentina","estudios terciarios incompletos ,trabajos hace muchos a<f1>os 9 a<f1>os trabajando.trabajo estable",FALSE,435,2313,432,5,2011-07-07 01:26:36,FALSE,NA,62,"330709804",0.943045163944595
481397009,1257774600013963264,"elOrdenMundial",FALSE,NA,"es","El Orden Mundial - EOM",NA,"Intentando comprender c<f3>mo funciona el mundo.",FALSE,235697,825,130687,6958,2012-02-02 18:06:46,FALSE,"https://t.co/tj1dTpbfxd",61,"481397009",0.0420766948088858
761111202541948928,1258137434992390144,"France24_es",FALSE,"https://t.co/E12zdLn2f3","es","FRANCE 24 Espa<f1>ol","Bogot<e1>, DC, Colombia","<U+0001F30D> La informaci<f3>n internacional de @FRANCE24 en espa<f1>ol en vivo desde las 06:00 hasta las 22:00 (hora Bogot<e1> - Quito - Lima)
<U+0001F534> <da>ltimo minuto: @UrgenteF24",FALSE,38241,608,37332,6997,2016-08-04 08:07:06,TRUE,"https://t.co/JlWeLbwNTd",60,"761111202541948928",0.0386919864589802
718545590,1258273442153062400,"Sincerely_TAD",FALSE,NA,"und","KP<U+0092>Muva <U+0001F451>","251","22<U+0001F98B> K.W.P <U+0001F476><U+0001F3FE><U+0001F499>",FALSE,1133,1072,27731,5290,2012-07-26 18:51:46,FALSE,NA,60,"718545590",0.316433414502443
317601563,1256370925605437440,"victortheslayer",FALSE,NA,"es","victor thslayer","C<f3>rdoba Argentina","Los grandes nunca descienden  
Cero descensos <U+0001F3C6><U+0001F3C6><U+0001F3C6> Yo te vi descender",FALSE,303,849,11063,23036,2011-06-15 05:25:15,FALSE,NA,60,"317601563",0.822198245738276
102687520,1257441128799973376,"ideal_granada",FALSE,NA,"es","ideal_granada","Granada","Diario local con toda la informaci<f3>n de Granada y su provincia.
Contacta con nosotros en el <U+0001F4F2> 682 74 74 98",FALSE,124255,883,184450,512,2010-01-07 14:02:58,TRUE,"http://t.co/Yhw3KiCve2",60,"102687520",0.0214581936378983
137143681,1256395067369062400,"animartino",FALSE,NA,"es","Ani Marino<U+0001F3D6> <U+0001F1EE><U+0001F1F9>","buenos aires argentina","pienso y luego pienso",FALSE,11473,3332,291769,2524,2010-04-25 23:12:31,FALSE,NA,59,"137143681",0.0216696148105612
932820392019939328,1258221112976015360,"juanmadariaga12",FALSE,NA,"es","Juan Madaliaga C",NA,NA,FALSE,168,1000,21969,986,2017-11-21 03:58:07,FALSE,NA,58,"932820392019939328",0.92320583449236
28966230,1257382136958648320,"ensata",FALSE,"https://t.co/p71nBieowp","es","ENRIQUE SANCHEZ","MADRID-ESPA<d1>A","JUSTICIA  &  ETICA PROFESIONAL",FALSE,14116,13729,179593,53054,2009-04-05 09:44:05,FALSE,"https://t.co/h3WaGSjLt6",58,"28966230",0.952279121012185
2249583145,1256300569574158336,"ENACOMArgentina",FALSE,"https://t.co/HksNhPvusL","es","ENACOM","Rep<fa>blica Argentina","Ente Nacional de Comunicaciones #Enacom #ArgentinaUnida",FALSE,34784,771,1234,4677,2013-12-17 01:10:12,TRUE,"https://t.co/bW2rZuJgAR",58,"2249583145",0.0535172036312524
491639544,1257167927750660096,"RachelHolwaySoy",FALSE,NA,"es","RachelHolway<U+0001F49A><U+0001F49A><U+0001F49A>","Buenos Aires, Argentina",".'. 
Mujer 
Polit<f3>loga . Prensa 
post grados en Derecho y Econom<ed>a 
Fundadora de Alerta Vida Ong
Radio Rebelde
IG  @rachelholway 
#StopPedofilia  #NoALaTrata",FALSE,3635,3741,11951,6047,2012-02-13 21:17:41,FALSE,NA,57,"491639544",0.454564040592976
154288353,1257601941749858304,"LawAndTrends",FALSE,NA,"es","LawAndTrends","the world","<U+0093>Best Lawyers, more Justice<U+0094>. Reputaci<f3>n digital de abogados y despachos de abogados. informaci<f3>n para todos los p<fa>blicos. #legaltech",FALSE,29656,2021,235337,1418,2010-06-10 21:34:19,FALSE,"https://t.co/dxU5tZtnxl",57,"154288353",0.101991503411693
4236041195,1257475188603580416,"McDurumsRumanos",FALSE,NA,"es","RoMaNy Is PrEsEnT",NA,"[Rumania es un pais localizado en centro Europa al lado del Mar Negro...]
No somos gitanos. Somos Rumanos
para contactar - rumanoskawaiis@gmail.com",FALSE,6,7,17073,1,2015-11-20 17:21:14,FALSE,NA,56,"4236041195",0.995694067410328
37560573,1257786088783036416,"FTB_Tad",FALSE,NA,"es","Taddy P","Houston, TX","IT Support Specialist",FALSE,531,445,28915,814,2009-05-04 01:38:21,FALSE,"https://t.co/SDPnEoEhKb",56,"37560573",0.162530113630876
166275230,1255651831700525056,"LaNacionPy",FALSE,NA,"es","Diario La Naci<f3>n","Paraguay","Informaci<f3>n, an<e1>lisis y opini<f3>n hace 25 a<f1>os.",FALSE,302287,366,133449,6525,2010-07-13 19:22:08,TRUE,"https://t.co/kk7H3FMwsy",56,"166275230",0.00379518197760069
40718914,1257682877883527168,"oliver_tad",FALSE,NA,"es","<U+0001F49A>jack london<U+0001F49A>",NA,"<U+0001F49A><U+0001F49A><U+0001F49A>No nos cansemos nunca de explorar la vida <U+0093>opiniones personales de una persona en persona",FALSE,330,3134,5264,9347,2009-05-17 19:25:09,FALSE,NA,54,"40718914",0.909770142966811
210916539,1256590133400387584,"mabaires",FALSE,NA,"es","D<e9>bora","buenos aires","<U+0001F60E>  Desacato.info-Brasil <U+0001F609>",FALSE,23634,5491,541325,62187,2010-11-01 19:45:50,FALSE,"https://t.co/VULJokPNzp",54,"210916539",0.00737446071744508
3210558454,1255809624206389248,"Julioac13",FALSE,NA,"es","Julio","Viedma, Argentina","Simple, sencillo",FALSE,16150,14010,312081,204842,2015-04-27 01:25:12,FALSE,NA,53,"3210558454",0.58359791330134
173825205,1257194474373029888,"carlone68",FALSE,NA,"es","carloga","Buenos Aires","Pensando, para existir. Y como perro de calle, me interesa m<e1>s el seguir que el que me sigan.",FALSE,172,444,1074,9019,2010-08-02 13:10:07,FALSE,NA,53,"173825205",0.208520841648655
86452486,1257787402803970048,"vaivarei",FALSE,NA,"lv","Inese Vaivare","Latvia","If we were meant to stay in one place, we'd have roots instead of feet. R.Wolchin #BetterWorld #Feminism #Change #Governance #CivicSpace #Development #Flamenco",FALSE,1994,396,57154,32458,2009-10-31 03:16:49,FALSE,NA,52,"86452486",0.0201187766095961
383501511,1256283912172699648,"davidp2190",FALSE,NA,"es","David Perez","Mendoza, Argentina","<U+25BA>Profe de Lengua en proceso.

13/07/19 <U+0001F493>",FALSE,681,492,18484,27389,2011-10-02 00:37:36,FALSE,NA,52,"383501511",0.486357059130185
131690078,1257769349882032128,"SGviry",FALSE,NA,"es","Viry Santy <U+26A1><U+FE0F><U+0001F680>","Mexico city","""Pretty face and electric soul"" Medicine  Resistolito 1 MF s<ed>ganme para m<e1>s consejos de una vida relax<U+0001F48A><U+0001F489>Coffee <U+2615><U+FE0F>The killers<U+0001F3B8> Claw Puma <U+0001F43E><U+26BD><U+FE0F> Enamorada <U+0001F60D> <U+0093>M<U+0094>",FALSE,1305,983,8992,12203,2010-04-11 01:46:35,FALSE,NA,52,"131690078",0.206068901219777
990802033,1257415527988854784,"EUwatchers",FALSE,"https://t.co/CyxGp92dI5","es","EUwatch","Brussels","Everything #Europe in one place News Media monitoring auto updates from 60 sources + retweets from critical progressive civil society <U+2260> endorsement <U+0001F1EA><U+0001F1FA> @rMdes_",FALSE,22919,6560,283308,7295,2012-12-05 12:01:32,FALSE,"https://t.co/TmzL8TbblP",50,"990802033",0.0497053572985953
5385972,1257767496981102592,"jerogi",FALSE,NA,"es","Jer<f3>nimo Guerrero Iraola","La Plata","<U+0001F468><U+200D><U+0001F467><U+200D><U+0001F466>Pap<e1> de Sim<f3>n y Helena <U+0001F4DA>Abogado especializado en #DDHH <U+0001F4D1> Abog @cecimlaplata<U+0001F9D1><U+200D><U+0001F4BB>Director de Coordinaci<f3>n Unidad Defensor @DefensoriaPBA <U+0001F30E> @ceglaplata",FALSE,5150,3640,25175,19152,2007-04-21 20:42:25,FALSE,"https://t.co/8pKP0TyVUi",50,"5385972",0.733559618115321
425092108,1257570935357558784,"NicaNws",FALSE,"https://t.co/kqsjXTeM5N","es","Nica Noticias","Managua, Nicaragua","Noticias de Nicaragua y el Mundo!  Tus noticias en un solo lugar!",FALSE,8633,2969,662182,7,2011-11-30 15:04:24,FALSE,"https://t.co/L6PLWJgrOM",50,"425092108",0.228229579468028
33884545,1257212375901618176,"CNNEE",FALSE,NA,"es","CNN en Espa<f1>ol","En todas partes","CNN en Espa<f1>ol es tu principal fuente de informaci<f3>n y breaking news. Cubrimos las noticias de Am<e9>rica Latina y el resto del mundo. Vive la noticia.",FALSE,18616810,570,265378,1462,2009-04-21 12:14:47,TRUE,"https://t.co/592LYnRFm4",50,"33884545",0.928015302675701
3014240194,1257704537269428224,"GaumigsJoks",FALSE,NA,"lv","GaumigsJoks",NA,NA,FALSE,1442,562,118418,59085,2015-02-03 09:31:09,FALSE,NA,49,"3014240194",0.0886382712615175
571856961,1257723430499160064,"latincam",FALSE,NA,"es","Latincam <U+0001F1F3><U+0001F1EE>","El mundo real","Noticias Nicarag<fc>ense / Nicaraguan News",FALSE,708,1536,13098,13184,2012-05-05 14:07:32,FALSE,NA,48,"571856961",0.693952727927925
2905320664,1257102403062693888,"BrisaMaidana_",FALSE,NA,"es","Brisa <U+0001F3AC>","La Plata, Bs.As, Argentina","Estudiante en Artes Audiovisuales (UNLP/FDA). Contenidos audiovisual TP de la facultad <U+0001F3AC>:https://t.co/K4VizYtEqk",FALSE,15039,15219,25132,12009,2014-12-04 16:58:17,FALSE,"https://t.co/kdk7QiRlMX",48,"2905320664",0.191681586732177
195638316,1258350674628182016,"alphaanmol",FALSE,NA,"de","anmol pirates","jammu","i would like to be there......:-)",FALSE,42,143,509,314,2010-09-27 06:02:44,FALSE,NA,48,"195638316",0.397913909646425
1234259104794906624,1258146115519733760,"Paracetamol_gr",FALSE,NA,"es","Paracetamol",NA,"C8H9NO2 parodia oficial. <U+0001F48A> Soy f<f3>rmula.",FALSE,354,356,1456,4104,2020-03-01 23:28:15,FALSE,NA,47,"1234259104794906625",0.717091476374041
1218431174625939456,1257893585812369408,"uUtFN4IRpg3NEsP",FALSE,NA,"lv","anarhistilv","Riga, Latvia","anarhistilv",FALSE,120,2211,2175,891,2020-01-18 07:13:45,FALSE,NA,47,"1218431174625939456",0.834976950948882
785821781743407104,1257371548840853504,"NIMDHonduras",FALSE,"https://t.co/HoaeXsZU7b","es","NIMD Honduras","Honduras","El NIMD Honduras es una organizaci<f3>n establecida en 2000 en los Pa<ed>ses Bajos, para el  fortalecimiento y desarrollo de la Democracia y los partidos pol<ed>ticos.",FALSE,384,171,219,148,2016-10-11 12:38:07,FALSE,NA,46,"785821781743407104",0.240442913832803
480869807,1258229930728591360,"paquicoperez",FALSE,NA,"es","juanfranciscoperez","Ecuador","Productor Musical, Ingeniero, ejecutivo de Empresa y baterista de conjunto musical.",FALSE,198,41,31699,9203,2012-02-02 00:54:34,FALSE,NA,46,"480869807",0.535051354891593
2934042384,1257588418579697664,"NuevaRevoluci0n",FALSE,NA,"es","Nuevarevolucion.es","Galiza-Madrid-Barcelona","Periodismo alternativo. 
info@nuevarevolucion.es",FALSE,25820,2056,74201,61242,2014-12-17 23:33:28,FALSE,"https://t.co/2o3ZxHl5Ba",46,"2934042384",0.241888110315457
276822991,1257908459636490240,"IldefonsoM",FALSE,NA,"und","Ildefonso M. Thomsen","Buenos Aires, Argentina","Member @IIDHStrasbourg/ 32 years in @DiputadosAR & @SenadoArgentina, Augusto Conte to @pilattivergara/<U+2764><U+FE0F>@JusticiaPorFer_/ A proud<U+0001F1E6><U+0001F1F7>-born <U+0001F1FA><U+0001F1F8> Citizen",FALSE,551,530,124159,2700,2011-04-04 04:34:09,FALSE,"https://t.co/G6qbob2kqw",46,"276822991",0.87080221135213
217949801,1257955000665374720,"SebiQuintero",FALSE,NA,"es","Sebasti<e1>n Quintero","Wilde, Buenos Aires, Argentina","35 a<f1>os. Me gusta ser sociable, dulce, tierno y amigable. Sagitario. Busco nuevos amigos para entablar nuevas amistades. Soy sincero y leal.",FALSE,8280,8556,186005,11317,2010-11-21 00:27:26,FALSE,"https://t.co/JeF5cH9O5y",46,"217949801",0.486053600076726
13128922,1255870525144018944,"fcassia",FALSE,NA,"es","Fernando Cassia <U+0001F49A><U+0001F9E1>","Buenos Aires, Argentina","Writer,Computer Geek,Positive Troublemaker.[INTJ] https://t.co/hTRk9K7MRJ Inform<e1>tico q escribe s/Soft/Hard/Telcos.
Published @ INQ,INQ/VNU,BSN*,TechEye
Eng/Spa",FALSE,2179,5002,303441,99898,2008-02-06 01:57:29,FALSE,NA,46,"13128922",0.781078478803174
145459615,1256050967113588736,"DolarToday",FALSE,NA,"es","DolarToday<U+00AE>","Caracas, Venezuela","Noticias de Venezuela Mi<e9>rcoles May 6, 2020 el $ cotiza a Bs. 179021,82 y el <U+0080> a Bs. 195133,78 entra sin bloqueos -<U+25BA> https://t.co/QHIrz49eTW",FALSE,3755497,3431,1549073,468,2010-05-19 01:24:09,TRUE,"https://t.co/jkasgXOlGm",45,"145459615",0.0243015632616648
1209908887043883008,1257764601074155520,"JohnMcCIane",FALSE,NA,"es","John McClane <U+00B2>",NA,"DIE HARD WITH A VENGEANSE
Perseguido Pol<ed>tico",FALSE,35,54,431,24,2019-12-25 18:49:00,FALSE,NA,45,"1209908887043883008",0.557823413252545
69205157,1257410541301178368,"cefeche",FALSE,NA,"es","Carlos F Chamorro",NA,"Journalist/Periodista en Nicaragua. Director de Esta Semana y http://t.co/kxwIjQze3D",FALSE,193274,361,17138,35,2009-08-27 04:53:44,TRUE,NA,44,"69205157",0.00856552647868284
3729006075,1256965901829705728,"UEenParaguay",FALSE,NA,"es","UE en Paraguay","Asuncion, Paraguay","Cuenta oficial de la Delegaci<f3>n de la Uni<f3>n Europea en Paraguay. Facebook: Uni<f3>n Europea en Paraguay",FALSE,7504,507,1575,974,2015-09-21 14:31:15,TRUE,"https://t.co/PXZEcIyDSe",44,"3729006075",0.255310115474291
262158806,1257486971057963008,"Escarma1",FALSE,"https://t.co/EEqsmx5xtu","es","Esperanza Cardenas M","Colombia","Contadora <U+0001F469><U+200D><U+0001F4BC>",FALSE,798,877,2017,46391,2011-03-07 13:46:47,FALSE,NA,44,"262158806",0.351254618384934
252605344,1255183360856637440,"PAMI_org_ar",FALSE,NA,"es","PAMI - INSSJP",NA,"Instituto Nacional de Servicios Sociales para Jubilados y Pensionados.",FALSE,38500,229,21717,780,2011-02-15 14:52:46,TRUE,"https://t.co/Pw5OpJWNXe",44,"252605344",0.018115871738208
212439180,1258275418701848576,"redeaprizion",FALSE,NA,"pt","Aprizion","Brasil","Ou<e7>a as melhores r<e1>dios do app Tunein e leia as not<ed>cias do momento.",FALSE,344,132,141658,726,2010-11-06 02:26:47,FALSE,"https://t.co/KQlVbWhdQS",44,"212439180",0.0263243289698843
1135997103644131328,1257758243775844352,"AbbaNicaragua",FALSE,NA,"es","Abba Nicaragua",NA,"I live for justice",FALSE,23,31,6388,7498,2019-06-04 19:49:50,FALSE,NA,44,"1135997103644131328",0.748130834471141
809364165513138176,1258261337689513984,"P26Hugo",FALSE,NA,"es","El Papa Homo-Friendly<U+0001F3F3><U+FE0F><U+200D><U+0001F308><U+0001F497>",NA,"<U+0001F308>PAGINA FALSA, Y SIN ANIMO DE OFENDER A NADIE, SOLO SE INTENTA HACER UNA PARODIA, REPITO ES UN PARODIA, NO TOMARLO ENSERIO, PEACE HERMANOS!!!!!!",FALSE,13,85,53694,3,2016-12-15 11:47:09,FALSE,NA,43,"809364165513138177",0.96374199235555
753767247957659648,1257338405349965824,"VozdeRosario",FALSE,NA,"es","LaVozdeRosario -<U+0001F4BB>Portal de Noticias Independiente","Rosario, Argentina","<U+0001F399>El periodismo es libre o es una farsa
<U+0001F4F1>https://t.co/TkgcZ8IbzA
<U+0001F517>https://t.co/YAjNDB33XB
<U+0001F4F2>https://t.co/u6nAY1vWcT",FALSE,3795,1129,16106,94,2016-07-15 01:44:51,FALSE,"https://t.co/aEaTZ0lLUP",43,"753767247957659648",0.325057884860257
1942710062,1257570953854365696,"ReportoCA",FALSE,"https://t.co/BjoJBOU1vO","es","Reportes de CAm<e9>rica","Central America","Reportando informaci<f3>n desde Centro Am<e9>rica.

Menciona @ReportoCA o #ReportoCA en tu Tweet y citaremos tu Reporte.",FALSE,2311,553,225303,325,2013-10-07 02:32:56,FALSE,"https://t.co/ZU2niPd92f",43,"1942710062",0.0125895065651737
613577501,1256005129247088640,"QuePasaWeb",FALSE,NA,"es","Que Pasa Zona Norte","Gran Buenos Aires Norte","#Actualidad y #AgendaCultural de #ZonaNorte #GBA #SanIsidro #VicenteL<f3>pez #SanFernando #Tigre #SanMart<ed>n #Escobar #Malvinas #Pilar",FALSE,4765,3985,43975,667,2012-06-20 16:44:50,FALSE,"https://t.co/zoNgUsyfoX",42,"613577501",0.757682072807659
1894001738,1257771978884251648,"EloyAlfaroAlba",FALSE,"https://t.co/NP8dZBB9xJ","es","Eloy Alfaro de Alba",NA,"Abogado, Ex Embajador de Panam<e1> ante Casa Blanca, Ex Magistrado de Corte Suprema de Justicia, Ex Director de la Autoridad del Canal de Panam<e1>.",FALSE,20280,1369,42365,15514,2013-09-22 14:48:47,FALSE,NA,42,"1894001738",0.0427988976914594
912753641114697728,1257672390668095488,"ChiuljuPussala",FALSE,NA,"lv","Chiulju Pussala",NA,NA,FALSE,790,400,41235,5764,2017-09-26 19:00:01,FALSE,NA,41,"912753641114697729",0.536762720218144
86444881,1257793058218835968,"laprensa",FALSE,NA,"es","LA PRENSA Nicaragua","Nicaragua","Pol<ed>tica <U+0095> Econom<ed>a <U+0095> Espect<e1>culos <U+0095> Deportes <U+0095> Cultura <U+0095> Religi<f3>n <U+0095> Tecnolog<ed>a. Noticias de Nicaragua, Centroam<e9>rica y el mundo a un clic de distancia.",FALSE,348749,199,234968,1009,2009-10-31 02:19:33,TRUE,"http://t.co/xTIKMxn6Vu",41,"86444881",0.0438999300348559
66503037,1257880732300537856,"SoyManuVega",FALSE,NA,"es","<U+0001F173><U+0001F181>. <U+0001F17C><U+0001F170><U+0001F17D><U+0001F184> <U+0001F185><U+0001F174><U+0001F176><U+0001F170> <U+272A>","Mexico City","Medtuitero,  Anestesi<f3>logo fif<ed>, me quejo por todo y  no practico la LP #indivisamanent #dreamteam #comandohypnos <U+0001F3F3><U+FE0F><U+200D><U+0001F308>",FALSE,3140,1010,45236,100997,2009-08-17 22:09:24,FALSE,"https://t.co/S7TAcBuDIc",41,"66503037",0.0139470834213745
519706573,1257417214384168960,"sumariumcom",FALSE,NA,"es","Sumarium","Venezuela / Espa<f1>a (+34 657821628)",NA,FALSE,192434,1744,1726036,61,2012-03-09 18:25:49,FALSE,"https://t.co/1s8OK2615r",41,"519706573",0.0180306400874077
4925573068,1256966344895082496,"elRfull",FALSE,"https://t.co/Nllds4IYiU","it","TuiteroEnElCorralito","Madrid, Espa<f1>a","STOP N.W.O. <U+0001F30D>",FALSE,666,101,32449,19639,2016-02-17 22:14:30,FALSE,NA,41,"4925573068",0.169337974300697
2552487164,1257626869354188800,"EntrevistaTuits",FALSE,NA,"es","Gustavo Bravo L<f3>pez","Uruguay-Montevideo","intento ser un periodista d opini<f3>n 
es un tiempo en q el populismo predomina 
El populismo es fijar ideas f<e1>ciles
El progreso consiste en dinamizar ideas",FALSE,336,869,44147,19664,2014-06-07 12:26:24,FALSE,"https://t.co/Q0LLw1mdYt",41,"2552487164",0.925910767478335
1211814408201990144,1257975828782043136,"Tad__pole",FALSE,"https://t.co/n5QNNJzq8r","ko","<U+C6B8><U+CC59><U+C6B8><U+CC59>(<U+BC18><U+B3D9><U+ACB0>)",NA,"T1<U+2764><U+FE0F>T1<U+B9F4><U+BC84>  <U+2757><U+FE0F><U+B2E4> <U+C88B><U+C544><U+D569><U+B2C8><U+B2F9><U+2757><U+FE0F>#T1WIN 2019.11~ing <U+D0C0><U+D300> <U+C5B8><U+AE09> <U+C870><U+AE08> <U+C788><U+C2B5><U+B2C8><U+B2E4><U+2757><U+FE0F> <U+C778><U+C7A5> <U+AD6D><U+C790><U+B2D8> <U+2763><U+FE0F><U+2763><U+FE0F><U+C694><U+C998> <U+D2B8><U+C704><U+D130> <U+C880> <U+B738><U+D560><U+C218><U+B3C4> <U+C788><U+C2B4><U+B2F9>!",FALSE,88,127,675,1736,2019-12-31 01:00:50,FALSE,NA,41,"1211814408201990145",0.819954408890322
